{
  "deployment": {
    "timestamp": "2025-06-05T15:16:22.962Z",
    "version": "1.0.0",
    "type": "complete_database_export"
  },
  "statistics": {
    "tables": 112,
    "sequences": 113,
    "indexes": 217,
    "total_records": "0"
  },
  "files": [
    "complete-schema.sql",
    "complete-data.sql",
    "sequences.sql",
    "constraints-indexes.sql",
    "restore-database.sh",
    "restore-database.ps1",
    "README.md",
    "deployment-summary.json"
  ],
  "deployment_instructions": {
    "unix": "./restore-database.sh",
    "windows": ".\\restore-database.ps1",
    "manual": "Follow README.md instructions"
  }
}