{
  "project": "MallyERP",
  "version": "1.0.0",
  "description": "Complete Enterprise Resource Planning system with AI-powered automation",
  "lastUpdated": "2025-06-05T02:38:56.353Z",
  "structure": {
    "frontend": {
      "framework": "React + TypeScript",
      "styling": "Tailwind CSS + shadcn/ui",
      "routing": "Wouter",
      "stateManagement": "TanStack Query",
      "components": "Modular component architecture"
    },
    "backend": {
      "runtime": "Node.js + Express",
      "database": "PostgreSQL + Drizzle ORM",
      "api": "RESTful API with comprehensive endpoints",
      "authentication": "Passport.js with session management"
    },
    "ai": {
      "provider": "OpenAI",
      "agents": 9,
      "capabilities": "Module-specific error resolution and automation"
    },
    "database": {
      "tables": 112,
      "modules": [
        "Master Data",
        "Sales",
        "Inventory",
        "Purchase",
        "Production",
        "Finance",
        "Controlling"
      ],
      "auditTrail": "Enterprise CDHDR/CDPOS standard",
      "changeTracking": "Complete field-level tracking"
    }
  },
  "deployment": {
    "platform": "Replit",
    "database": "PostgreSQL",
    "environment": "Production-ready"
  }
}